{
  "2026-04-20": {
    "total_cost": 0.151185,
    "agents": {
      "main-chat": {
        "cost": 0.151185,
        "calls": 3
      }
    }
  }
}